"filename", "language", "Markdown", "YAML", "Dart", "C++", "JSON", "HTML", "XML", "Log", "comment", "blank", "total"
"/Users/macbook/git/mote/mote_app/README.md", "Markdown", 10, 0, 0, 0, 0, 0, 0, 0, 0, 7, 17
"/Users/macbook/git/mote/mote_app/analysis_options.yaml", "YAML", 0, 55, 0, 0, 0, 0, 0, 0, 20, 4, 79
"/Users/macbook/git/mote/mote_app/devtools_options.yaml", "YAML", 0, 1, 0, 0, 0, 0, 0, 0, 0, 1, 2
"/Users/macbook/git/mote/mote_app/flutter_01.log", "Log", 0, 0, 0, 0, 0, 0, 0, 51, 0, 17, 68
"/Users/macbook/git/mote/mote_app/lib/firebase_options.dart", "Dart", 0, 0, 53, 0, 0, 0, 0, 0, 12, 4, 69
"/Users/macbook/git/mote/mote_app/lib/main.dart", "Dart", 0, 0, 44, 0, 0, 0, 0, 0, 0, 7, 51
"/Users/macbook/git/mote/mote_app/lib/models/anon_chat.dart", "Dart", 0, 0, 36, 0, 0, 0, 0, 0, 2, 15, 53
"/Users/macbook/git/mote/mote_app/lib/models/anon_chat_model.dart", "Dart", 0, 0, 58, 0, 0, 0, 0, 0, 0, 5, 63
"/Users/macbook/git/mote/mote_app/lib/models/app_location.dart", "Dart", 0, 0, 32, 0, 0, 0, 0, 0, 0, 9, 41
"/Users/macbook/git/mote/mote_app/lib/models/chat.dart", "Dart", 0, 0, 8, 0, 0, 0, 0, 0, 0, 3, 11
"/Users/macbook/git/mote/mote_app/lib/models/chat/last_message.dart", "Dart", 0, 0, 19, 0, 0, 0, 0, 0, 0, 6, 25
"/Users/macbook/git/mote/mote_app/lib/models/chat_list.dart", "Dart", 0, 0, 5, 0, 0, 0, 0, 0, 0, 3, 8
"/Users/macbook/git/mote/mote_app/lib/models/chat_model.dart", "Dart", 0, 0, 25, 0, 0, 0, 0, 0, 1, 11, 37
"/Users/macbook/git/mote/mote_app/lib/models/constants.dart", "Dart", 0, 0, 163, 0, 0, 0, 0, 0, 0, 5, 168
"/Users/macbook/git/mote/mote_app/lib/models/friend.dart", "Dart", 0, 0, 12, 0, 0, 0, 0, 0, 0, 2, 14
"/Users/macbook/git/mote/mote_app/lib/models/group_message_model.dart", "Dart", 0, 0, 32, 0, 0, 0, 0, 0, 0, 8, 40
"/Users/macbook/git/mote/mote_app/lib/models/location.dart", "Dart", 0, 0, 11, 0, 0, 0, 0, 0, 0, 2, 13
"/Users/macbook/git/mote/mote_app/lib/models/meet.dart", "Dart", 0, 0, 33, 0, 0, 0, 0, 0, 0, 4, 37
"/Users/macbook/git/mote/mote_app/lib/models/meet/meet_model.dart", "Dart", 0, 0, 59, 0, 0, 0, 0, 0, 0, 6, 65
"/Users/macbook/git/mote/mote_app/lib/models/meets_models.dart", "Dart", 0, 0, 48, 0, 0, 0, 0, 0, 0, 4, 52
"/Users/macbook/git/mote/mote_app/lib/models/message.dart", "Dart", 0, 0, 7, 0, 0, 0, 0, 0, 0, 2, 9
"/Users/macbook/git/mote/mote_app/lib/models/message_model.dart", "Dart", 0, 0, 50, 0, 0, 0, 0, 0, 2, 11, 63
"/Users/macbook/git/mote/mote_app/lib/models/mote_models/chat.dart", "Dart", 0, 0, 11, 0, 0, 0, 0, 0, 0, 2, 13
"/Users/macbook/git/mote/mote_app/lib/models/mote_models/date.dart", "Dart", 0, 0, 66, 0, 0, 0, 0, 0, 0, 18, 84
"/Users/macbook/git/mote/mote_app/lib/models/mote_models/fire_chat.dart", "Dart", 0, 0, 34, 0, 0, 0, 0, 0, 0, 5, 39
"/Users/macbook/git/mote/mote_app/lib/models/mote_models/fire_chat_users.dart", "Dart", 0, 0, 34, 0, 0, 0, 0, 0, 0, 4, 38
"/Users/macbook/git/mote/mote_app/lib/models/mote_models/fire_message.dart", "Dart", 0, 0, 107, 0, 0, 0, 0, 0, 17, 21, 145
"/Users/macbook/git/mote/mote_app/lib/models/mote_models/fire_reaction.dart", "Dart", 0, 0, 22, 0, 0, 0, 0, 0, 2, 6, 30
"/Users/macbook/git/mote/mote_app/lib/models/mote_models/fire_reply_message.dart", "Dart", 0, 0, 47, 0, 0, 0, 0, 0, 5, 11, 63
"/Users/macbook/git/mote/mote_app/lib/models/mote_models/new_date.dart", "Dart", 0, 0, 34, 0, 0, 0, 0, 0, 4, 9, 47
"/Users/macbook/git/mote/mote_app/lib/models/mote_premium.dart", "Dart", 0, 0, 24, 0, 0, 0, 0, 0, 0, 4, 28
"/Users/macbook/git/mote/mote_app/lib/models/mote_rating.dart", "Dart", 0, 0, 11, 0, 0, 0, 0, 0, 0, 3, 14
"/Users/macbook/git/mote/mote_app/lib/models/mote_user.dart", "Dart", 0, 0, 7, 0, 0, 0, 0, 0, 0, 4, 11
"/Users/macbook/git/mote/mote_app/lib/models/news.dart", "Dart", 0, 0, 10, 0, 0, 0, 0, 0, 0, 2, 12
"/Users/macbook/git/mote/mote_app/lib/models/page_timer.dart", "Dart", 0, 0, 21, 0, 0, 0, 0, 0, 0, 5, 26
"/Users/macbook/git/mote/mote_app/lib/models/register_data.dart", "Dart", 0, 0, 31, 0, 0, 0, 0, 0, 0, 3, 34
"/Users/macbook/git/mote/mote_app/lib/models/register_user.dart", "Dart", 0, 0, 110, 0, 0, 0, 0, 0, 1, 21, 132
"/Users/macbook/git/mote/mote_app/lib/models/regular_chat.dart", "Dart", 0, 0, 26, 0, 0, 0, 0, 0, 4, 8, 38
"/Users/macbook/git/mote/mote_app/lib/models/support_request.dart", "Dart", 0, 0, 20, 0, 0, 0, 0, 0, 2, 4, 26
"/Users/macbook/git/mote/mote_app/lib/models/test_users.dart", "Dart", 0, 0, 241, 0, 0, 0, 0, 0, 0, 11, 252
"/Users/macbook/git/mote/mote_app/lib/models/user/mote_user.dart", "Dart", 0, 0, 58, 0, 0, 0, 0, 0, 21, 13, 92
"/Users/macbook/git/mote/mote_app/lib/models/user/mote_user.g.dart", "Dart", 0, 0, 67, 0, 0, 0, 0, 0, 4, 5, 76
"/Users/macbook/git/mote/mote_app/lib/models/user/profile_info.dart", "Dart", 0, 0, 32, 0, 0, 0, 0, 0, 10, 13, 55
"/Users/macbook/git/mote/mote_app/lib/models/user/profile_info.g.dart", "Dart", 0, 0, 33, 0, 0, 0, 0, 0, 4, 5, 42
"/Users/macbook/git/mote/mote_app/lib/models/user/register_info.dart", "Dart", 0, 0, 0, 0, 0, 0, 0, 0, 0, 2, 2
"/Users/macbook/git/mote/mote_app/lib/models/user/user.dart", "Dart", 0, 0, 66, 0, 0, 0, 0, 0, 15, 16, 97
"/Users/macbook/git/mote/mote_app/lib/models/user/user.g.dart", "Dart", 0, 0, 45, 0, 0, 0, 0, 0, 4, 5, 54
"/Users/macbook/git/mote/mote_app/lib/models/user/user_info.dart", "Dart", 0, 0, 18, 0, 0, 0, 0, 0, 0, 6, 24
"/Users/macbook/git/mote/mote_app/lib/models/user/user_info.g.dart", "Dart", 0, 0, 13, 0, 0, 0, 0, 0, 4, 5, 22
"/Users/macbook/git/mote/mote_app/lib/models/user_info.dart", "Dart", 0, 0, 14, 0, 0, 0, 0, 0, 2, 5, 21
"/Users/macbook/git/mote/mote_app/lib/models/user_location.dart", "Dart", 0, 0, 8, 0, 0, 0, 0, 0, 0, 2, 10
"/Users/macbook/git/mote/mote_app/lib/models/user_model.dart", "Dart", 0, 0, 431, 0, 0, 0, 0, 0, 0, 5, 436
"/Users/macbook/git/mote/mote_app/lib/models/users_page_controller.dart", "Dart", 0, 0, 38, 0, 0, 0, 0, 0, 0, 8, 46
"/Users/macbook/git/mote/mote_app/lib/router/router.dart", "Dart", 0, 0, 89, 0, 0, 0, 0, 0, 0, 4, 93
"/Users/macbook/git/mote/mote_app/lib/router/router.gr.dart", "Dart", 0, 0, 698, 0, 0, 0, 0, 0, 73, 138, 909
"/Users/macbook/git/mote/mote_app/lib/screens/Login_screen/login_bloc/login_bloc.dart", "Dart", 0, 0, 47, 0, 0, 0, 0, 0, 15, 3, 65
"/Users/macbook/git/mote/mote_app/lib/screens/Login_screen/login_bloc/login_event.dart", "Dart", 0, 0, 20, 0, 0, 0, 0, 0, 0, 6, 26
"/Users/macbook/git/mote/mote_app/lib/screens/Login_screen/login_bloc/login_state.dart", "Dart", 0, 0, 18, 0, 0, 0, 0, 0, 0, 6, 24
"/Users/macbook/git/mote/mote_app/lib/screens/Login_screen/view/login_screen.dart", "Dart", 0, 0, 103, 0, 0, 0, 0, 0, 0, 10, 113
"/Users/macbook/git/mote/mote_app/lib/screens/Login_screen/widgets/custom_divider.dart", "Dart", 0, 0, 27, 0, 0, 0, 0, 0, 0, 3, 30
"/Users/macbook/git/mote/mote_app/lib/screens/Login_screen/widgets/custom_form_field.dart", "Dart", 0, 0, 49, 0, 0, 0, 0, 0, 0, 3, 52
"/Users/macbook/git/mote/mote_app/lib/screens/Login_screen/widgets/custom_switched_button.dart", "Dart", 0, 0, 79, 0, 0, 0, 0, 0, 0, 5, 84
"/Users/macbook/git/mote/mote_app/lib/screens/Login_screen/widgets/gender_choice_button.dart", "Dart", 0, 0, 91, 0, 0, 0, 0, 0, 0, 6, 97
"/Users/macbook/git/mote/mote_app/lib/screens/Login_screen/widgets/login_action.dart", "Dart", 0, 0, 52, 0, 0, 0, 0, 0, 0, 3, 55
"/Users/macbook/git/mote/mote_app/lib/screens/Login_screen/widgets/login_body.dart", "Dart", 0, 0, 103, 0, 0, 0, 0, 0, 0, 4, 107
"/Users/macbook/git/mote/mote_app/lib/screens/Login_screen/widgets/login_content.dart", "Dart", 0, 0, 103, 0, 0, 0, 0, 0, 0, 8, 111
"/Users/macbook/git/mote/mote_app/lib/screens/Login_screen/widgets/login_header.dart", "Dart", 0, 0, 60, 0, 0, 0, 0, 0, 0, 4, 64
"/Users/macbook/git/mote/mote_app/lib/screens/Login_screen/widgets/register_content.dart", "Dart", 0, 0, 118, 0, 0, 0, 0, 0, 10, 6, 134
"/Users/macbook/git/mote/mote_app/lib/screens/Login_screen/widgets/vk_button.dart", "Dart", 0, 0, 47, 0, 0, 0, 0, 0, 0, 4, 51
"/Users/macbook/git/mote/mote_app/lib/screens/anon_chat_screen/view/anon_chat_screen.dart", "Dart", 0, 0, 111, 0, 0, 0, 0, 0, 0, 13, 124
"/Users/macbook/git/mote/mote_app/lib/screens/anon_chat_screen/widgets/anon_chat_appbar.dart", "Dart", 0, 0, 91, 0, 0, 0, 0, 0, 0, 3, 94
"/Users/macbook/git/mote/mote_app/lib/screens/anon_chat_screen/widgets/anon_chat_bubble.dart", "Dart", 0, 0, 80, 0, 0, 0, 0, 0, 0, 4, 84
"/Users/macbook/git/mote/mote_app/lib/screens/anon_messanger_screen/view/anon_messanger_screen.dart", "Dart", 0, 0, 84, 0, 0, 0, 0, 0, 0, 3, 87
"/Users/macbook/git/mote/mote_app/lib/screens/anon_messanger_screen/widgets/anon_chat_active.dart", "Dart", 0, 0, 58, 0, 0, 0, 0, 0, 0, 3, 61
"/Users/macbook/git/mote/mote_app/lib/screens/anon_messanger_screen/widgets/anon_messanger_header.dart", "Dart", 0, 0, 82, 0, 0, 0, 0, 0, 0, 3, 85
"/Users/macbook/git/mote/mote_app/lib/screens/chat_screen/bloc/chat_bloc.dart", "Dart", 0, 0, 128, 0, 0, 0, 0, 0, 0, 16, 144
"/Users/macbook/git/mote/mote_app/lib/screens/chat_screen/bloc/chat_event.dart", "Dart", 0, 0, 18, 0, 0, 0, 0, 0, 0, 6, 24
"/Users/macbook/git/mote/mote_app/lib/screens/chat_screen/bloc/chat_state.dart", "Dart", 0, 0, 20, 0, 0, 0, 0, 0, 0, 6, 26
"/Users/macbook/git/mote/mote_app/lib/screens/chat_screen/utils/chat_action.dart", "Dart", 0, 0, 139, 0, 0, 0, 0, 0, 0, 7, 146
"/Users/macbook/git/mote/mote_app/lib/screens/chat_screen/view/chat_screen.dart", "Dart", 0, 0, 95, 0, 0, 0, 0, 0, 0, 8, 103
"/Users/macbook/git/mote/mote_app/lib/screens/chat_screen/widgets/bottom_action.dart", "Dart", 0, 0, 79, 0, 0, 0, 0, 0, 0, 5, 84
"/Users/macbook/git/mote/mote_app/lib/screens/chat_screen/widgets/chat_appbar.dart", "Dart", 0, 0, 77, 0, 0, 0, 0, 0, 0, 3, 80
"/Users/macbook/git/mote/mote_app/lib/screens/chat_screen/widgets/chat_view_config.dart", "Dart", 0, 0, 74, 0, 0, 0, 0, 0, 2, 6, 82
"/Users/macbook/git/mote/mote_app/lib/screens/chat_screen/widgets/chat_widget.dart", "Dart", 0, 0, 99, 0, 0, 0, 0, 0, 0, 4, 103
"/Users/macbook/git/mote/mote_app/lib/screens/company_info/view/company_info_screen.dart", "Dart", 0, 0, 77, 0, 0, 0, 0, 0, 0, 5, 82
"/Users/macbook/git/mote/mote_app/lib/screens/company_info/widgets/Info_tile.dart", "Dart", 0, 0, 44, 0, 0, 0, 0, 0, 0, 3, 47
"/Users/macbook/git/mote/mote_app/lib/screens/company_info/widgets/company_header.dart", "Dart", 0, 0, 21, 0, 0, 0, 0, 0, 0, 3, 24
"/Users/macbook/git/mote/mote_app/lib/screens/create_anon_chat_screen/bloc/create_anon_chat_bloc.dart", "Dart", 0, 0, 16, 0, 0, 0, 0, 0, 1, 3, 20
"/Users/macbook/git/mote/mote_app/lib/screens/create_anon_chat_screen/bloc/create_anon_chat_event.dart", "Dart", 0, 0, 6, 0, 0, 0, 0, 0, 1, 3, 10
"/Users/macbook/git/mote/mote_app/lib/screens/create_anon_chat_screen/bloc/create_anon_chat_state.dart", "Dart", 0, 0, 14, 0, 0, 0, 0, 0, 0, 5, 19
"/Users/macbook/git/mote/mote_app/lib/screens/create_anon_chat_screen/view/create_anon_chat_screen.dart", "Dart", 0, 0, 139, 0, 0, 0, 0, 0, 0, 8, 147
"/Users/macbook/git/mote/mote_app/lib/screens/create_anon_chat_screen/widgets/anon_chat_choice_my_gender.dart", "Dart", 0, 0, 48, 0, 0, 0, 0, 0, 0, 3, 51
"/Users/macbook/git/mote/mote_app/lib/screens/create_anon_chat_screen/widgets/anon_chat_use2_gender.dart", "Dart", 0, 0, 48, 0, 0, 0, 0, 0, 0, 3, 51
"/Users/macbook/git/mote/mote_app/lib/screens/create_anon_chat_screen/widgets/create_anon_chat_content.dart", "Dart", 0, 0, 163, 0, 0, 0, 0, 0, 0, 8, 171
"/Users/macbook/git/mote/mote_app/lib/screens/create_anon_chat_screen/widgets/create_anon_chat_header.dart", "Dart", 0, 0, 16, 0, 0, 0, 0, 0, 0, 3, 19
"/Users/macbook/git/mote/mote_app/lib/screens/create_anon_chat_screen/widgets/desc_button.dart", "Dart", 0, 0, 33, 0, 0, 0, 0, 0, 0, 3, 36
"/Users/macbook/git/mote/mote_app/lib/screens/create_anon_chat_screen/widgets/desc_field.dart", "Dart", 0, 0, 20, 0, 0, 0, 0, 0, 0, 3, 23
"/Users/macbook/git/mote/mote_app/lib/screens/create_anon_chat_screen/widgets/gender_button.dart", "Dart", 0, 0, 33, 0, 0, 0, 0, 0, 0, 4, 37
"/Users/macbook/git/mote/mote_app/lib/screens/create_anon_chat_screen/widgets/my_age.dart", "Dart", 0, 0, 63, 0, 0, 0, 0, 0, 0, 3, 66
"/Users/macbook/git/mote/mote_app/lib/screens/create_anon_chat_screen/widgets/topic_field.dart", "Dart", 0, 0, 56, 0, 0, 0, 0, 0, 0, 3, 59
"/Users/macbook/git/mote/mote_app/lib/screens/create_chat_screen/bloc/create_chat_bloc.dart", "Dart", 0, 0, 64, 0, 0, 0, 0, 0, 4, 3, 71
"/Users/macbook/git/mote/mote_app/lib/screens/create_chat_screen/bloc/create_chat_event.dart", "Dart", 0, 0, 13, 0, 0, 0, 0, 0, 0, 5, 18
"/Users/macbook/git/mote/mote_app/lib/screens/create_chat_screen/bloc/create_chat_state.dart", "Dart", 0, 0, 24, 0, 0, 0, 0, 0, 0, 8, 32
"/Users/macbook/git/mote/mote_app/lib/screens/create_chat_screen/view/create_chat_screen.dart", "Dart", 0, 0, 189, 0, 0, 0, 0, 0, 0, 8, 197
"/Users/macbook/git/mote/mote_app/lib/screens/create_chat_screen/widgets/friend_sheet.dart", "Dart", 0, 0, 131, 0, 0, 0, 0, 0, 0, 4, 135
"/Users/macbook/git/mote/mote_app/lib/screens/create_date_screen/bloc/new_date_bloc.dart", "Dart", 0, 0, 39, 0, 0, 0, 0, 0, 0, 3, 42
"/Users/macbook/git/mote/mote_app/lib/screens/create_date_screen/bloc/new_date_event.dart", "Dart", 0, 0, 27, 0, 0, 0, 0, 0, 0, 5, 32
"/Users/macbook/git/mote/mote_app/lib/screens/create_date_screen/bloc/new_date_state.dart", "Dart", 0, 0, 20, 0, 0, 0, 0, 0, 0, 6, 26
"/Users/macbook/git/mote/mote_app/lib/screens/create_date_screen/view/create_date_screen.dart", "Dart", 0, 0, 193, 0, 0, 0, 0, 0, 6, 13, 212
"/Users/macbook/git/mote/mote_app/lib/screens/create_date_screen/widgets/anon_date_content.dart", "Dart", 0, 0, 118, 0, 0, 0, 0, 0, 0, 4, 122
"/Users/macbook/git/mote/mote_app/lib/screens/create_date_screen/widgets/choice_date.dart", "Dart", 0, 0, 79, 0, 0, 0, 0, 0, 0, 3, 82
"/Users/macbook/git/mote/mote_app/lib/screens/create_date_screen/widgets/choice_people_gender.dart", "Dart", 0, 0, 58, 0, 0, 0, 0, 0, 0, 3, 61
"/Users/macbook/git/mote/mote_app/lib/screens/create_date_screen/widgets/choice_place.dart", "Dart", 0, 0, 63, 0, 0, 0, 0, 0, 0, 3, 66
"/Users/macbook/git/mote/mote_app/lib/screens/create_date_screen/widgets/choice_place_dialog.dart", "Dart", 0, 0, 141, 0, 0, 0, 0, 0, 0, 15, 156
"/Users/macbook/git/mote/mote_app/lib/screens/create_date_screen/widgets/choice_time.dart", "Dart", 0, 0, 70, 0, 0, 0, 0, 0, 0, 3, 73
"/Users/macbook/git/mote/mote_app/lib/screens/create_date_screen/widgets/confrom_action.dart", "Dart", 0, 0, 65, 0, 0, 0, 0, 0, 0, 3, 68
"/Users/macbook/git/mote/mote_app/lib/screens/create_date_screen/widgets/create_date_button.dart", "Dart", 0, 0, 70, 0, 0, 0, 0, 0, 0, 4, 74
"/Users/macbook/git/mote/mote_app/lib/screens/create_date_screen/widgets/create_date_header.dart", "Dart", 0, 0, 19, 0, 0, 0, 0, 0, 0, 3, 22
"/Users/macbook/git/mote/mote_app/lib/screens/create_date_screen/widgets/create_date_info.dart", "Dart", 0, 0, 245, 0, 0, 0, 0, 0, 0, 3, 248
"/Users/macbook/git/mote/mote_app/lib/screens/create_date_screen/widgets/date_add_interest.dart", "Dart", 0, 0, 43, 0, 0, 0, 0, 0, 0, 3, 46
"/Users/macbook/git/mote/mote_app/lib/screens/create_date_screen/widgets/date_selector.dart", "Dart", 0, 0, 39, 0, 0, 0, 0, 0, 0, 3, 42
"/Users/macbook/git/mote/mote_app/lib/screens/create_date_screen/widgets/map_header.dart", "Dart", 0, 0, 26, 0, 0, 0, 0, 0, 0, 3, 29
"/Users/macbook/git/mote/mote_app/lib/screens/create_date_screen/widgets/map_marker.dart", "Dart", 0, 0, 46, 0, 0, 0, 0, 0, 0, 3, 49
"/Users/macbook/git/mote/mote_app/lib/screens/create_date_screen/widgets/save_pos_button.dart", "Dart", 0, 0, 37, 0, 0, 0, 0, 0, 0, 3, 40
"/Users/macbook/git/mote/mote_app/lib/screens/date_map_screen/view/date_map_screen.dart", "Dart", 0, 0, 219, 0, 0, 0, 0, 0, 0, 19, 238
"/Users/macbook/git/mote/mote_app/lib/screens/dates_screen/bloc/dates_bloc.dart", "Dart", 0, 0, 30, 0, 0, 0, 0, 0, 0, 3, 33
"/Users/macbook/git/mote/mote_app/lib/screens/dates_screen/bloc/dates_event.dart", "Dart", 0, 0, 6, 0, 0, 0, 0, 0, 0, 3, 9
"/Users/macbook/git/mote/mote_app/lib/screens/dates_screen/bloc/dates_state.dart", "Dart", 0, 0, 24, 0, 0, 0, 0, 0, 0, 8, 32
"/Users/macbook/git/mote/mote_app/lib/screens/dates_screen/view/dates_screen.dart", "Dart", 0, 0, 93, 0, 0, 0, 0, 0, 0, 6, 99
"/Users/macbook/git/mote/mote_app/lib/screens/dates_screen/widgets/create_date.dart", "Dart", 0, 0, 45, 0, 0, 0, 0, 0, 0, 3, 48
"/Users/macbook/git/mote/mote_app/lib/screens/dates_screen/widgets/date_feedback.dart", "Dart", 0, 0, 138, 0, 0, 0, 0, 0, 0, 3, 141
"/Users/macbook/git/mote/mote_app/lib/screens/dates_screen/widgets/date_invite_bloc.dart", "Dart", 0, 0, 53, 0, 0, 0, 0, 0, 4, 3, 60
"/Users/macbook/git/mote/mote_app/lib/screens/dates_screen/widgets/date_invite_card.dart", "Dart", 0, 0, 91, 0, 0, 0, 0, 0, 0, 3, 94
"/Users/macbook/git/mote/mote_app/lib/screens/dates_screen/widgets/date_soon_feedback.dart", "Dart", 0, 0, 157, 0, 0, 0, 0, 0, 0, 3, 160
"/Users/macbook/git/mote/mote_app/lib/screens/dates_screen/widgets/my_dates_bloc.dart", "Dart", 0, 0, 81, 0, 0, 0, 0, 0, 0, 3, 84
"/Users/macbook/git/mote/mote_app/lib/screens/dates_screen/widgets/user_info_bloc.dart", "Dart", 0, 0, 46, 0, 0, 0, 0, 0, 0, 3, 49
"/Users/macbook/git/mote/mote_app/lib/screens/dating_screen/view/dating_screen.dart", "Dart", 0, 0, 175, 0, 0, 0, 0, 0, 1, 6, 182
"/Users/macbook/git/mote/mote_app/lib/screens/dating_screen/widgets/action_row_buttons.dart", "Dart", 0, 0, 50, 0, 0, 0, 0, 0, 0, 4, 54
"/Users/macbook/git/mote/mote_app/lib/screens/dating_screen/widgets/age_choice.dart", "Dart", 0, 0, 66, 0, 0, 0, 0, 0, 0, 5, 71
"/Users/macbook/git/mote/mote_app/lib/screens/dating_screen/widgets/card_overlay.dart", "Dart", 0, 0, 26, 0, 0, 0, 0, 0, 0, 3, 29
"/Users/macbook/git/mote/mote_app/lib/screens/dating_screen/widgets/date_settings_sheet.dart", "Dart", 0, 0, 91, 0, 0, 0, 0, 0, 1, 3, 95
"/Users/macbook/git/mote/mote_app/lib/screens/dating_screen/widgets/select_find_gender.dart", "Dart", 0, 0, 66, 0, 0, 0, 0, 0, 0, 5, 71
"/Users/macbook/git/mote/mote_app/lib/screens/dating_screen/widgets/target_date.dart", "Dart", 0, 0, 68, 0, 0, 0, 0, 0, 0, 4, 72
"/Users/macbook/git/mote/mote_app/lib/screens/dating_screen/widgets/user_info_sheet.dart", "Dart", 0, 0, 43, 0, 0, 0, 0, 0, 0, 4, 47
"/Users/macbook/git/mote/mote_app/lib/screens/find_anon_chat_screen/bloc/find_chat_bloc.dart", "Dart", 0, 0, 21, 0, 0, 0, 0, 0, 2, 3, 26
"/Users/macbook/git/mote/mote_app/lib/screens/find_anon_chat_screen/bloc/find_chat_event.dart", "Dart", 0, 0, 12, 0, 0, 0, 0, 0, 0, 4, 16
"/Users/macbook/git/mote/mote_app/lib/screens/find_anon_chat_screen/bloc/find_chat_state.dart", "Dart", 0, 0, 24, 0, 0, 0, 0, 0, 1, 6, 31
"/Users/macbook/git/mote/mote_app/lib/screens/find_anon_chat_screen/view/find_anon_chat_screen.dart", "Dart", 0, 0, 167, 0, 0, 0, 0, 0, 0, 5, 172
"/Users/macbook/git/mote/mote_app/lib/screens/find_anon_chat_screen/widgets/anon_chat_info_sheet.dart", "Dart", 0, 0, 79, 0, 0, 0, 0, 0, 0, 4, 83
"/Users/macbook/git/mote/mote_app/lib/screens/find_anon_chat_screen/widgets/chat_sheet_about_me.dart", "Dart", 0, 0, 82, 0, 0, 0, 0, 0, 0, 3, 85
"/Users/macbook/git/mote/mote_app/lib/screens/find_anon_chat_screen/widgets/chat_sheet_companion.dart", "Dart", 0, 0, 75, 0, 0, 0, 0, 0, 0, 3, 78
"/Users/macbook/git/mote/mote_app/lib/screens/find_anon_chat_screen/widgets/chat_sheet_desc.dart", "Dart", 0, 0, 67, 0, 0, 0, 0, 0, 0, 3, 70
"/Users/macbook/git/mote/mote_app/lib/screens/find_anon_chat_screen/widgets/chat_sheet_header.dart", "Dart", 0, 0, 104, 0, 0, 0, 0, 0, 0, 3, 107
"/Users/macbook/git/mote/mote_app/lib/screens/find_anon_chat_screen/widgets/find_anon_chat.dart", "Dart", 0, 0, 97, 0, 0, 0, 0, 0, 0, 4, 101
"/Users/macbook/git/mote/mote_app/lib/screens/find_anon_chat_screen/widgets/find_anon_chat_header.dart", "Dart", 0, 0, 41, 0, 0, 0, 0, 0, 0, 3, 44
"/Users/macbook/git/mote/mote_app/lib/screens/find_anon_chat_screen/widgets/search_button.dart", "Dart", 0, 0, 26, 0, 0, 0, 0, 0, 0, 3, 29
"/Users/macbook/git/mote/mote_app/lib/screens/find_gender_screen/view/find_gender_screen.dart", "Dart", 0, 0, 97, 0, 0, 0, 0, 0, 0, 3, 100
"/Users/macbook/git/mote/mote_app/lib/screens/find_gender_screen/widget/gender_button.dart", "Dart", 0, 0, 45, 0, 0, 0, 0, 0, 0, 3, 48
"/Users/macbook/git/mote/mote_app/lib/screens/forgot_pass_screen/view/forgot_pass_screen.dart", "Dart", 0, 0, 56, 0, 0, 0, 0, 0, 0, 6, 62
"/Users/macbook/git/mote/mote_app/lib/screens/forgot_pass_screen/widgets/email_input.dart", "Dart", 0, 0, 78, 0, 0, 0, 0, 0, 0, 4, 82
"/Users/macbook/git/mote/mote_app/lib/screens/forgot_pass_screen/widgets/forgot_pass_header.dart", "Dart", 0, 0, 39, 0, 0, 0, 0, 0, 0, 4, 43
"/Users/macbook/git/mote/mote_app/lib/screens/forgot_pass_screen/widgets/new_pass.dart", "Dart", 0, 0, 149, 0, 0, 0, 0, 0, 0, 4, 153
"/Users/macbook/git/mote/mote_app/lib/screens/forgot_pass_screen/widgets/pin_code_input.dart", "Dart", 0, 0, 67, 0, 0, 0, 0, 0, 0, 4, 71
"/Users/macbook/git/mote/mote_app/lib/screens/help_screen/view/help_screen.dart", "Dart", 0, 0, 129, 0, 0, 0, 0, 0, 0, 9, 138
"/Users/macbook/git/mote/mote_app/lib/screens/help_screen/widgets/help_form_filed.dart", "Dart", 0, 0, 27, 0, 0, 0, 0, 0, 0, 3, 30
"/Users/macbook/git/mote/mote_app/lib/screens/help_screen/widgets/help_header.dart", "Dart", 0, 0, 21, 0, 0, 0, 0, 0, 0, 3, 24
"/Users/macbook/git/mote/mote_app/lib/screens/help_screen/widgets/help_page_controller.dart", "Dart", 0, 0, 55, 0, 0, 0, 0, 0, 0, 3, 58
"/Users/macbook/git/mote/mote_app/lib/screens/main_screens/friendship_screen/bloc/my_dates_bloc.dart", "Dart", 0, 0, 33, 0, 0, 0, 0, 0, 0, 3, 36
"/Users/macbook/git/mote/mote_app/lib/screens/main_screens/friendship_screen/bloc/my_dates_event.dart", "Dart", 0, 0, 8, 0, 0, 0, 0, 0, 0, 3, 11
"/Users/macbook/git/mote/mote_app/lib/screens/main_screens/friendship_screen/bloc/my_dates_state.dart", "Dart", 0, 0, 28, 0, 0, 0, 0, 0, 0, 7, 35
"/Users/macbook/git/mote/mote_app/lib/screens/main_screens/friendship_screen/view/friendship_screen.dart", "Dart", 0, 0, 110, 0, 0, 0, 0, 0, 0, 6, 116
"/Users/macbook/git/mote/mote_app/lib/screens/main_screens/friendship_screen/widgets/about_me_bloc.dart", "Dart", 0, 0, 69, 0, 0, 0, 0, 0, 0, 4, 73
"/Users/macbook/git/mote/mote_app/lib/screens/main_screens/friendship_screen/widgets/bottom_action_button.dart", "Dart", 0, 0, 60, 0, 0, 0, 0, 0, 0, 3, 63
"/Users/macbook/git/mote/mote_app/lib/screens/main_screens/friendship_screen/widgets/bottom_content.dart", "Dart", 0, 0, 137, 0, 0, 0, 0, 0, 0, 4, 141
"/Users/macbook/git/mote/mote_app/lib/screens/main_screens/friendship_screen/widgets/custom_gradient.dart", "Dart", 0, 0, 21, 0, 0, 0, 0, 0, 0, 3, 24
"/Users/macbook/git/mote/mote_app/lib/screens/main_screens/friendship_screen/widgets/date_appbar.dart", "Dart", 0, 0, 118, 0, 0, 0, 0, 0, 0, 4, 122
"/Users/macbook/git/mote/mote_app/lib/screens/main_screens/friendship_screen/widgets/form_info.dart", "Dart", 0, 0, 173, 0, 0, 0, 0, 0, 0, 3, 176
"/Users/macbook/git/mote/mote_app/lib/screens/main_screens/friendship_screen/widgets/interest_bloc.dart", "Dart", 0, 0, 73, 0, 0, 0, 0, 0, 0, 4, 77
"/Users/macbook/git/mote/mote_app/lib/screens/main_screens/friendship_screen/widgets/match_card.dart", "Dart", 0, 0, 107, 0, 0, 0, 0, 0, 0, 3, 110
"/Users/macbook/git/mote/mote_app/lib/screens/main_screens/friendship_screen/widgets/mutual_sympathy.dart", "Dart", 0, 0, 53, 0, 0, 0, 0, 0, 0, 3, 56
"/Users/macbook/git/mote/mote_app/lib/screens/main_screens/friendship_screen/widgets/my_form_button.dart", "Dart", 0, 0, 47, 0, 0, 0, 0, 0, 0, 3, 50
"/Users/macbook/git/mote/mote_app/lib/screens/main_screens/friendship_screen/widgets/my_likers_bloc.dart", "Dart", 0, 0, 58, 0, 0, 0, 0, 0, 0, 3, 61
"/Users/macbook/git/mote/mote_app/lib/screens/main_screens/friendship_screen/widgets/page_switcher.dart", "Dart", 0, 0, 58, 0, 0, 0, 0, 0, 0, 3, 61
"/Users/macbook/git/mote/mote_app/lib/screens/main_screens/friendship_screen/widgets/user_card.dart", "Dart", 0, 0, 114, 0, 0, 0, 0, 0, 0, 7, 121
"/Users/macbook/git/mote/mote_app/lib/screens/main_screens/friendship_screen/widgets/user_info_header.dart", "Dart", 0, 0, 88, 0, 0, 0, 0, 0, 0, 4, 92
"/Users/macbook/git/mote/mote_app/lib/screens/main_screens/friendship_screen/widgets/view_forms_button.dart", "Dart", 0, 0, 44, 0, 0, 0, 0, 0, 0, 3, 47
"/Users/macbook/git/mote/mote_app/lib/screens/main_screens/home_screen/home_screen.dart", "Dart", 0, 0, 78, 0, 0, 0, 0, 0, 0, 6, 84
"/Users/macbook/git/mote/mote_app/lib/screens/main_screens/map_screen/view/map_screen.dart", "Dart", 0, 0, 252, 0, 0, 0, 0, 0, 3, 30, 285
"/Users/macbook/git/mote/mote_app/lib/screens/main_screens/map_screen/widgets/all_date_button.dart", "Dart", 0, 0, 31, 0, 0, 0, 0, 0, 0, 3, 34
"/Users/macbook/git/mote/mote_app/lib/screens/main_screens/map_screen/widgets/all_date_sheet.dart", "Dart", 0, 0, 36, 0, 0, 0, 0, 0, 0, 4, 40
"/Users/macbook/git/mote/mote_app/lib/screens/main_screens/map_screen/widgets/all_date_sheet_find.dart", "Dart", 0, 0, 58, 0, 0, 0, 0, 0, 0, 3, 61
"/Users/macbook/git/mote/mote_app/lib/screens/main_screens/map_screen/widgets/all_date_sheet_header.dart", "Dart", 0, 0, 91, 0, 0, 0, 0, 0, 13, 3, 107
"/Users/macbook/git/mote/mote_app/lib/screens/main_screens/map_screen/widgets/all_date_sheet_my_date.dart", "Dart", 0, 0, 58, 0, 0, 0, 0, 0, 0, 3, 61
"/Users/macbook/git/mote/mote_app/lib/screens/main_screens/map_screen/widgets/my_date_card.dart", "Dart", 0, 0, 121, 0, 0, 0, 0, 0, 0, 3, 124
"/Users/macbook/git/mote/mote_app/lib/screens/main_screens/map_screen/widgets/my_location.dart", "Dart", 0, 0, 44, 0, 0, 0, 0, 0, 0, 3, 47
"/Users/macbook/git/mote/mote_app/lib/screens/main_screens/map_screen/widgets/my_pos_button.dart", "Dart", 0, 0, 57, 0, 0, 0, 0, 0, 0, 3, 60
"/Users/macbook/git/mote/mote_app/lib/screens/main_screens/map_screen/widgets/zoom_buttons.dart", "Dart", 0, 0, 81, 0, 0, 0, 0, 0, 0, 3, 84
"/Users/macbook/git/mote/mote_app/lib/screens/main_screens/meets_screen/bloc/meets_bloc.dart", "Dart", 0, 0, 19, 0, 0, 0, 0, 0, 7, 3, 29
"/Users/macbook/git/mote/mote_app/lib/screens/main_screens/meets_screen/bloc/meets_event.dart", "Dart", 0, 0, 42, 0, 0, 0, 0, 0, 0, 8, 50
"/Users/macbook/git/mote/mote_app/lib/screens/main_screens/meets_screen/bloc/meets_state.dart", "Dart", 0, 0, 34, 0, 0, 0, 0, 0, 0, 9, 43
"/Users/macbook/git/mote/mote_app/lib/screens/main_screens/meets_screen/view/meets_screen.dart", "Dart", 0, 0, 155, 0, 0, 0, 0, 0, 0, 8, 163
"/Users/macbook/git/mote/mote_app/lib/screens/main_screens/meets_screen/widgets/city_selector.dart", "Dart", 0, 0, 30, 0, 0, 0, 0, 0, 0, 3, 33
"/Users/macbook/git/mote/mote_app/lib/screens/main_screens/meets_screen/widgets/create_meets_content.dart", "Dart", 0, 0, 104, 0, 0, 0, 0, 0, 0, 8, 112
"/Users/macbook/git/mote/mote_app/lib/screens/main_screens/meets_screen/widgets/find_meets_content.dart", "Dart", 0, 0, 71, 0, 0, 0, 0, 0, 0, 6, 77
"/Users/macbook/git/mote/mote_app/lib/screens/main_screens/meets_screen/widgets/loading_content.dart", "Dart", 0, 0, 37, 0, 0, 0, 0, 0, 0, 3, 40
"/Users/macbook/git/mote/mote_app/lib/screens/main_screens/meets_screen/widgets/meet_info_date.dart", "Dart", 0, 0, 79, 0, 0, 0, 0, 0, 0, 3, 82
"/Users/macbook/git/mote/mote_app/lib/screens/main_screens/meets_screen/widgets/meet_info_desc.dart", "Dart", 0, 0, 54, 0, 0, 0, 0, 0, 0, 3, 57
"/Users/macbook/git/mote/mote_app/lib/screens/main_screens/meets_screen/widgets/meet_info_header.dart", "Dart", 0, 0, 89, 0, 0, 0, 0, 0, 0, 4, 93
"/Users/macbook/git/mote/mote_app/lib/screens/main_screens/meets_screen/widgets/meet_info_place.dart", "Dart", 0, 0, 83, 0, 0, 0, 0, 0, 0, 3, 86
"/Users/macbook/git/mote/mote_app/lib/screens/main_screens/meets_screen/widgets/meets_card.dart", "Dart", 0, 0, 65, 0, 0, 0, 0, 0, 0, 3, 68
"/Users/macbook/git/mote/mote_app/lib/screens/main_screens/meets_screen/widgets/meets_choice_place.dart", "Dart", 0, 0, 75, 0, 0, 0, 0, 0, 0, 3, 78
"/Users/macbook/git/mote/mote_app/lib/screens/main_screens/meets_screen/widgets/meets_date_choice.dart", "Dart", 0, 0, 69, 0, 0, 0, 0, 0, 0, 4, 73
"/Users/macbook/git/mote/mote_app/lib/screens/main_screens/meets_screen/widgets/meets_desc_field.dart", "Dart", 0, 0, 62, 0, 0, 0, 0, 0, 0, 4, 66
"/Users/macbook/git/mote/mote_app/lib/screens/main_screens/meets_screen/widgets/meets_header.dart", "Dart", 0, 0, 116, 0, 0, 0, 0, 0, 0, 5, 121
"/Users/macbook/git/mote/mote_app/lib/screens/main_screens/meets_screen/widgets/meets_info_sheet.dart", "Dart", 0, 0, 55, 0, 0, 0, 0, 0, 0, 3, 58
"/Users/macbook/git/mote/mote_app/lib/screens/main_screens/meets_screen/widgets/meets_members_count.dart", "Dart", 0, 0, 77, 0, 0, 0, 0, 0, 0, 5, 82
"/Users/macbook/git/mote/mote_app/lib/screens/main_screens/meets_screen/widgets/meets_name_field.dart", "Dart", 0, 0, 68, 0, 0, 0, 0, 0, 0, 4, 72
"/Users/macbook/git/mote/mote_app/lib/screens/main_screens/meets_screen/widgets/meets_search.dart", "Dart", 0, 0, 24, 0, 0, 0, 0, 0, 0, 3, 27
"/Users/macbook/git/mote/mote_app/lib/screens/main_screens/meets_screen/widgets/my_meets_content.dart", "Dart", 0, 0, 30, 0, 0, 0, 0, 0, 0, 3, 33
"/Users/macbook/git/mote/mote_app/lib/screens/main_screens/meets_screen/widgets/select_meets_page.dart", "Dart", 0, 0, 39, 0, 0, 0, 0, 0, 0, 4, 43
"/Users/macbook/git/mote/mote_app/lib/screens/main_screens/meets_screen/widgets/upload_photo_content.dart", "Dart", 0, 0, 74, 0, 0, 0, 0, 0, 0, 6, 80
"/Users/macbook/git/mote/mote_app/lib/screens/main_screens/messanger_screen/bloc/messanger_bloc.dart", "Dart", 0, 0, 55, 0, 0, 0, 0, 0, 0, 8, 63
"/Users/macbook/git/mote/mote_app/lib/screens/main_screens/messanger_screen/bloc/messanger_event.dart", "Dart", 0, 0, 6, 0, 0, 0, 0, 0, 0, 3, 9
"/Users/macbook/git/mote/mote_app/lib/screens/main_screens/messanger_screen/bloc/messanger_state.dart", "Dart", 0, 0, 24, 0, 0, 0, 0, 0, 0, 7, 31
"/Users/macbook/git/mote/mote_app/lib/screens/main_screens/messanger_screen/view/messanger_screen.dart", "Dart", 0, 0, 112, 0, 0, 0, 0, 0, 0, 5, 117
"/Users/macbook/git/mote/mote_app/lib/screens/main_screens/messanger_screen/widgets/all_chats_content.dart", "Dart", 0, 0, 8, 0, 0, 0, 0, 0, 0, 3, 11
"/Users/macbook/git/mote/mote_app/lib/screens/main_screens/messanger_screen/widgets/all_messages.dart", "Dart", 0, 0, 50, 0, 0, 0, 0, 0, 2, 3, 55
"/Users/macbook/git/mote/mote_app/lib/screens/main_screens/messanger_screen/widgets/anon_buttons.dart", "Dart", 0, 0, 64, 0, 0, 0, 0, 0, 0, 3, 67
"/Users/macbook/git/mote/mote_app/lib/screens/main_screens/messanger_screen/widgets/anon_chat.dart", "Dart", 0, 0, 82, 0, 0, 0, 0, 0, 0, 3, 85
"/Users/macbook/git/mote/mote_app/lib/screens/main_screens/messanger_screen/widgets/messanger_header.dart", "Dart", 0, 0, 52, 0, 0, 0, 0, 0, 0, 3, 55
"/Users/macbook/git/mote/mote_app/lib/screens/main_screens/messanger_screen/widgets/normal_chat.dart", "Dart", 0, 0, 84, 0, 0, 0, 0, 0, 16, 3, 103
"/Users/macbook/git/mote/mote_app/lib/screens/main_screens/messanger_screen/widgets/pinned_chats.dart", "Dart", 0, 0, 36, 0, 0, 0, 0, 0, 3, 3, 42
"/Users/macbook/git/mote/mote_app/lib/screens/main_screens/messanger_screen/widgets/search_button.dart", "Dart", 0, 0, 22, 0, 0, 0, 0, 0, 0, 3, 25
"/Users/macbook/git/mote/mote_app/lib/screens/main_screens/messanger_screen/widgets/select_chat.dart", "Dart", 0, 0, 45, 0, 0, 0, 0, 0, 0, 5, 50
"/Users/macbook/git/mote/mote_app/lib/screens/main_screens/news_screen/bloc/news_bloc.dart", "Dart", 0, 0, 23, 0, 0, 0, 0, 0, 0, 3, 26
"/Users/macbook/git/mote/mote_app/lib/screens/main_screens/news_screen/bloc/news_event.dart", "Dart", 0, 0, 6, 0, 0, 0, 0, 0, 0, 3, 9
"/Users/macbook/git/mote/mote_app/lib/screens/main_screens/news_screen/bloc/news_state.dart", "Dart", 0, 0, 22, 0, 0, 0, 0, 0, 0, 7, 29
"/Users/macbook/git/mote/mote_app/lib/screens/main_screens/news_screen/utils/carousel_timer.dart", "Dart", 0, 0, 15, 0, 0, 0, 0, 0, 0, 3, 18
"/Users/macbook/git/mote/mote_app/lib/screens/main_screens/news_screen/view/news_screen.dart", "Dart", 0, 0, 119, 0, 0, 0, 0, 0, 0, 8, 127
"/Users/macbook/git/mote/mote_app/lib/screens/main_screens/news_screen/widget/appbar_header.dart", "Dart", 0, 0, 28, 0, 0, 0, 0, 0, 0, 3, 31
"/Users/macbook/git/mote/mote_app/lib/screens/main_screens/news_screen/widget/bottom_app_bar_content.dart", "Dart", 0, 0, 78, 0, 0, 0, 0, 0, 1, 8, 87
"/Users/macbook/git/mote/mote_app/lib/screens/main_screens/news_screen/widget/date_rating_bar.dart", "Dart", 0, 0, 50, 0, 0, 0, 0, 0, 0, 4, 54
"/Users/macbook/git/mote/mote_app/lib/screens/main_screens/news_screen/widget/drawer_tile.dart", "Dart", 0, 0, 45, 0, 0, 0, 0, 0, 0, 3, 48
"/Users/macbook/git/mote/mote_app/lib/screens/main_screens/news_screen/widget/news_app_info.dart", "Dart", 0, 0, 80, 0, 0, 0, 0, 0, 0, 3, 83
"/Users/macbook/git/mote/mote_app/lib/screens/main_screens/news_screen/widget/news_category_bloc.dart", "Dart", 0, 0, 48, 0, 0, 0, 0, 0, 0, 3, 51
"/Users/macbook/git/mote/mote_app/lib/screens/main_screens/news_screen/widget/news_category_card.dart", "Dart", 0, 0, 50, 0, 0, 0, 0, 0, 0, 4, 54
"/Users/macbook/git/mote/mote_app/lib/screens/main_screens/news_screen/widget/news_date.dart", "Dart", 0, 0, 141, 0, 0, 0, 0, 0, 0, 3, 144
"/Users/macbook/git/mote/mote_app/lib/screens/main_screens/news_screen/widget/news_date_feedback.dart", "Dart", 0, 0, 168, 0, 0, 0, 0, 0, 0, 3, 171
"/Users/macbook/git/mote/mote_app/lib/screens/main_screens/news_screen/widget/news_drawer.dart", "Dart", 0, 0, 172, 0, 0, 0, 0, 0, 0, 3, 175
"/Users/macbook/git/mote/mote_app/lib/screens/main_screens/news_screen/widget/news_friend_ship.dart", "Dart", 0, 0, 80, 0, 0, 0, 0, 0, 0, 3, 83
"/Users/macbook/git/mote/mote_app/lib/screens/main_screens/news_screen/widget/news_header.dart", "Dart", 0, 0, 19, 0, 0, 0, 0, 0, 0, 3, 22
"/Users/macbook/git/mote/mote_app/lib/screens/main_screens/news_screen/widget/news_match.dart", "Dart", 0, 0, 128, 0, 0, 0, 0, 0, 0, 3, 131
"/Users/macbook/git/mote/mote_app/lib/screens/main_screens/news_screen/widget/news_meet_info.dart", "Dart", 0, 0, 79, 0, 0, 0, 0, 0, 0, 3, 82
"/Users/macbook/git/mote/mote_app/lib/screens/main_screens/news_screen/widget/news_new_message.dart", "Dart", 0, 0, 86, 0, 0, 0, 0, 0, 0, 3, 89
"/Users/macbook/git/mote/mote_app/lib/screens/main_screens/news_screen/widget/promo_card.dart", "Dart", 0, 0, 81, 0, 0, 0, 0, 0, 0, 3, 84
"/Users/macbook/git/mote/mote_app/lib/screens/main_screens/news_screen/widget/welcome_banner.dart", "Dart", 0, 0, 53, 0, 0, 0, 0, 0, 0, 3, 56
"/Users/macbook/git/mote/mote_app/lib/screens/meets_chat_screen/view/meets_chat_screen.dart", "Dart", 0, 0, 155, 0, 0, 0, 0, 0, 0, 17, 172
"/Users/macbook/git/mote/mote_app/lib/screens/meets_chat_screen/view/meets_info_screen.dart", "Dart", 0, 0, 120, 0, 0, 0, 0, 0, 0, 8, 128
"/Users/macbook/git/mote/mote_app/lib/screens/meets_chat_screen/widgets/emoji_picker_widget.dart", "Dart", 0, 0, 15, 0, 0, 0, 0, 0, 0, 3, 18
"/Users/macbook/git/mote/mote_app/lib/screens/meets_chat_screen/widgets/group_message_bubble.dart", "Dart", 0, 0, 96, 0, 0, 0, 0, 0, 0, 3, 99
"/Users/macbook/git/mote/mote_app/lib/screens/meets_chat_screen/widgets/meets_bottom_action.dart", "Dart", 0, 0, 107, 0, 0, 0, 0, 0, 0, 8, 115
"/Users/macbook/git/mote/mote_app/lib/screens/meets_chat_screen/widgets/meets_chat_appbar.dart", "Dart", 0, 0, 82, 0, 0, 0, 0, 0, 0, 4, 86
"/Users/macbook/git/mote/mote_app/lib/screens/meets_chat_screen/widgets/meets_chat_info.dart", "Dart", 0, 0, 29, 0, 0, 0, 0, 0, 0, 3, 32
"/Users/macbook/git/mote/mote_app/lib/screens/meets_chat_screen/widgets/meets_info_about_meet.dart", "Dart", 0, 0, 142, 0, 0, 0, 0, 0, 0, 3, 145
"/Users/macbook/git/mote/mote_app/lib/screens/meets_chat_screen/widgets/meets_info_content.dart", "Dart", 0, 0, 116, 0, 0, 0, 0, 0, 0, 4, 120
"/Users/macbook/git/mote/mote_app/lib/screens/meets_chat_screen/widgets/meets_info_header.dart", "Dart", 0, 0, 76, 0, 0, 0, 0, 0, 0, 5, 81
"/Users/macbook/git/mote/mote_app/lib/screens/meets_chat_screen/widgets/meets_info_selector.dart", "Dart", 0, 0, 61, 0, 0, 0, 0, 0, 0, 3, 64
"/Users/macbook/git/mote/mote_app/lib/screens/menu_screen/view/menu_screen.dart", "Dart", 0, 0, 163, 0, 0, 0, 0, 0, 0, 3, 166
"/Users/macbook/git/mote/mote_app/lib/screens/menu_screen/widgets/menu_tile.dart", "Dart", 0, 0, 42, 0, 0, 0, 0, 0, 0, 3, 45
"/Users/macbook/git/mote/mote_app/lib/screens/pass_screen/view/pass_screen.dart", "Dart", 0, 0, 97, 0, 0, 0, 0, 0, 0, 7, 104
"/Users/macbook/git/mote/mote_app/lib/screens/pass_screen/widgets/by_pass_content.dart", "Dart", 0, 0, 58, 0, 0, 0, 0, 0, 0, 3, 61
"/Users/macbook/git/mote/mote_app/lib/screens/pass_screen/widgets/my_pacc_content.dart", "Dart", 0, 0, 19, 0, 0, 0, 0, 0, 0, 3, 22
"/Users/macbook/git/mote/mote_app/lib/screens/pass_screen/widgets/pass_card.dart", "Dart", 0, 0, 113, 0, 0, 0, 0, 0, 0, 3, 116
"/Users/macbook/git/mote/mote_app/lib/screens/phone_verify_screen/bloc/phone_verify_bloc.dart", "Dart", 0, 0, 18, 0, 0, 0, 0, 0, 0, 3, 21
"/Users/macbook/git/mote/mote_app/lib/screens/phone_verify_screen/bloc/phone_verify_event.dart", "Dart", 0, 0, 10, 0, 0, 0, 0, 0, 0, 4, 14
"/Users/macbook/git/mote/mote_app/lib/screens/phone_verify_screen/bloc/phone_verify_state.dart", "Dart", 0, 0, 18, 0, 0, 0, 0, 0, 0, 6, 24
"/Users/macbook/git/mote/mote_app/lib/screens/phone_verify_screen/view/phone_verify_screen.dart", "Dart", 0, 0, 163, 0, 0, 0, 0, 0, 4, 16, 183
"/Users/macbook/git/mote/mote_app/lib/screens/profile/bloc/profile_bloc.dart", "Dart", 0, 0, 39, 0, 0, 0, 0, 0, 0, 3, 42
"/Users/macbook/git/mote/mote_app/lib/screens/profile/bloc/profile_event.dart", "Dart", 0, 0, 27, 0, 0, 0, 0, 0, 0, 7, 34
"/Users/macbook/git/mote/mote_app/lib/screens/profile/bloc/profile_state.dart", "Dart", 0, 0, 24, 0, 0, 0, 0, 0, 0, 9, 33
"/Users/macbook/git/mote/mote_app/lib/screens/profile/view/profile_photo_screen.dart", "Dart", 0, 0, 13, 0, 0, 0, 0, 0, 0, 3, 16
"/Users/macbook/git/mote/mote_app/lib/screens/profile/view/profile_screen.dart", "Dart", 0, 0, 179, 0, 0, 0, 0, 0, 0, 10, 189
"/Users/macbook/git/mote/mote_app/lib/screens/profile/widgets/Profile_app_bar.dart", "Dart", 0, 0, 90, 0, 0, 0, 0, 0, 0, 3, 93
"/Users/macbook/git/mote/mote_app/lib/screens/profile/widgets/Question_generator.dart", "Dart", 0, 0, 148, 0, 0, 0, 0, 0, 0, 3, 151
"/Users/macbook/git/mote/mote_app/lib/screens/profile/widgets/about_me_edit_sheet.dart", "Dart", 0, 0, 113, 0, 0, 0, 0, 0, 0, 4, 117
"/Users/macbook/git/mote/mote_app/lib/screens/profile/widgets/change_desc_button.dart", "Dart", 0, 0, 59, 0, 0, 0, 0, 0, 0, 3, 62
"/Users/macbook/git/mote/mote_app/lib/screens/profile/widgets/content/que1.dart", "Dart", 0, 0, 69, 0, 0, 0, 0, 0, 0, 3, 72
"/Users/macbook/git/mote/mote_app/lib/screens/profile/widgets/custom_text_button.dart", "Dart", 0, 0, 24, 0, 0, 0, 0, 0, 0, 3, 27
"/Users/macbook/git/mote/mote_app/lib/screens/profile/widgets/profile_about_me.dart", "Dart", 0, 0, 161, 0, 0, 0, 0, 0, 0, 2, 163
"/Users/macbook/git/mote/mote_app/lib/screens/profile/widgets/profile_appbar_content.dart", "Dart", 0, 0, 31, 0, 0, 0, 0, 0, 0, 3, 34
"/Users/macbook/git/mote/mote_app/lib/screens/profile/widgets/profile_indicator.dart", "Dart", 0, 0, 60, 0, 0, 0, 0, 0, 0, 3, 63
"/Users/macbook/git/mote/mote_app/lib/screens/profile/widgets/profile_info.dart", "Dart", 0, 0, 31, 0, 0, 0, 0, 0, 0, 3, 34
"/Users/macbook/git/mote/mote_app/lib/screens/profile/widgets/profile_info_card.dart", "Dart", 0, 0, 42, 0, 0, 0, 0, 0, 0, 3, 45
"/Users/macbook/git/mote/mote_app/lib/screens/profile/widgets/profile_my_photo.dart", "Dart", 0, 0, 67, 0, 0, 0, 0, 0, 12, 4, 83
"/Users/macbook/git/mote/mote_app/lib/screens/profile/widgets/profile_photo_dialog.dart", "Dart", 0, 0, 213, 0, 0, 0, 0, 0, 0, 7, 220
"/Users/macbook/git/mote/mote_app/lib/screens/profile/widgets/profile_photo_tip.dart", "Dart", 0, 0, 39, 0, 0, 0, 0, 0, 0, 3, 42
"/Users/macbook/git/mote/mote_app/lib/screens/profile/widgets/profile_survey_tip.dart", "Dart", 0, 0, 47, 0, 0, 0, 0, 0, 0, 3, 50
"/Users/macbook/git/mote/mote_app/lib/screens/profile/widgets/sheet/about_me_desc_bloc.dart", "Dart", 0, 0, 63, 0, 0, 0, 0, 0, 0, 4, 67
"/Users/macbook/git/mote/mote_app/lib/screens/profile/widgets/sheet/profile_test_bloc.dart", "Dart", 0, 0, 131, 0, 0, 0, 0, 0, 0, 4, 135
"/Users/macbook/git/mote/mote_app/lib/screens/profile/widgets/sheet_user_form.dart", "Dart", 0, 0, 111, 0, 0, 0, 0, 0, 0, 8, 119
"/Users/macbook/git/mote/mote_app/lib/screens/profile/widgets/test_form_card.dart", "Dart", 0, 0, 35, 0, 0, 0, 0, 0, 0, 3, 38
"/Users/macbook/git/mote/mote_app/lib/screens/reg_info_screen/view/reg_info_screen.dart", "Dart", 0, 0, 146, 0, 0, 0, 0, 0, 0, 6, 152
"/Users/macbook/git/mote/mote_app/lib/screens/reg_info_screen/widgets/custom_choice_button.dart", "Dart", 0, 0, 83, 0, 0, 0, 0, 0, 0, 4, 87
"/Users/macbook/git/mote/mote_app/lib/screens/reg_info_screen/widgets/forward_button.dart", "Dart", 0, 0, 51, 0, 0, 0, 0, 0, 0, 3, 54
"/Users/macbook/git/mote/mote_app/lib/screens/reg_info_screen/widgets/interest_bot_sheet.dart", "Dart", 0, 0, 131, 0, 0, 0, 0, 0, 0, 4, 135
"/Users/macbook/git/mote/mote_app/lib/screens/reg_info_screen/widgets/interest_box.dart", "Dart", 0, 0, 73, 0, 0, 0, 0, 0, 0, 4, 77
"/Users/macbook/git/mote/mote_app/lib/screens/reg_info_screen/widgets/interest_button.dart", "Dart", 0, 0, 25, 0, 0, 0, 0, 0, 0, 3, 28
"/Users/macbook/git/mote/mote_app/lib/screens/reg_info_screen/widgets/interest_category_bloc.dart", "Dart", 0, 0, 0, 0, 0, 0, 0, 0, 0, 1, 1
"/Users/macbook/git/mote/mote_app/lib/screens/reg_info_screen/widgets/interest_sheet_appbar.dart", "Dart", 0, 0, 70, 0, 0, 0, 0, 0, 0, 3, 73
"/Users/macbook/git/mote/mote_app/lib/screens/reg_info_screen/widgets/reg_info_appbar.dart", "Dart", 0, 0, 37, 0, 0, 0, 0, 0, 0, 3, 40
"/Users/macbook/git/mote/mote_app/lib/screens/reg_info_screen/widgets/selected_interest_cards.dart", "Dart", 0, 0, 49, 0, 0, 0, 0, 0, 0, 3, 52
"/Users/macbook/git/mote/mote_app/lib/screens/reg_info_screen/widgets/your_interest.dart", "Dart", 0, 0, 42, 0, 0, 0, 0, 0, 0, 3, 45
"/Users/macbook/git/mote/mote_app/lib/screens/reg_profile_screen/bloc/reg_profile_bloc.dart", "Dart", 0, 0, 57, 0, 0, 0, 0, 0, 2, 5, 64
"/Users/macbook/git/mote/mote_app/lib/screens/reg_profile_screen/bloc/reg_profile_event.dart", "Dart", 0, 0, 35, 0, 0, 0, 0, 0, 0, 5, 40
"/Users/macbook/git/mote/mote_app/lib/screens/reg_profile_screen/bloc/reg_profile_state.dart", "Dart", 0, 0, 34, 0, 0, 0, 0, 0, 0, 11, 45
"/Users/macbook/git/mote/mote_app/lib/screens/reg_profile_screen/utils/get_user_photo.dart", "Dart", 0, 0, 0, 0, 0, 0, 0, 0, 0, 1, 1
"/Users/macbook/git/mote/mote_app/lib/screens/reg_profile_screen/view/reg_profile_screen.dart", "Dart", 0, 0, 177, 0, 0, 0, 0, 0, 0, 11, 188
"/Users/macbook/git/mote/mote_app/lib/screens/reg_profile_screen/widgets/custom_app_bar.dart", "Dart", 0, 0, 83, 0, 0, 0, 0, 0, 0, 4, 87
"/Users/macbook/git/mote/mote_app/lib/screens/reg_profile_screen/widgets/desc_dialog.dart", "Dart", 0, 0, 118, 0, 0, 0, 0, 0, 0, 5, 123
"/Users/macbook/git/mote/mote_app/lib/screens/reg_profile_screen/widgets/desc_header.dart", "Dart", 0, 0, 70, 0, 0, 0, 0, 0, 0, 3, 73
"/Users/macbook/git/mote/mote_app/lib/screens/reg_profile_screen/widgets/desc_tip.dart", "Dart", 0, 0, 46, 0, 0, 0, 0, 0, 0, 3, 49
"/Users/macbook/git/mote/mote_app/lib/screens/reg_profile_screen/widgets/iterests_bloc.dart", "Dart", 0, 0, 28, 0, 0, 0, 0, 0, 0, 3, 31
"/Users/macbook/git/mote/mote_app/lib/screens/reg_profile_screen/widgets/my_interest.dart", "Dart", 0, 0, 37, 0, 0, 0, 0, 0, 0, 3, 40
"/Users/macbook/git/mote/mote_app/lib/screens/reg_profile_screen/widgets/my_photo_appbar.dart", "Dart", 0, 0, 23, 0, 0, 0, 0, 0, 0, 3, 26
"/Users/macbook/git/mote/mote_app/lib/screens/reg_profile_screen/widgets/my_photo_sheet.dart", "Dart", 0, 0, 79, 0, 0, 0, 0, 0, 0, 4, 83
"/Users/macbook/git/mote/mote_app/lib/screens/reg_profile_screen/widgets/photo_field.dart", "Dart", 0, 0, 101, 0, 0, 0, 0, 0, 0, 8, 109
"/Users/macbook/git/mote/mote_app/lib/screens/reg_profile_screen/widgets/photo_tip.dart", "Dart", 0, 0, 48, 0, 0, 0, 0, 0, 0, 3, 51
"/Users/macbook/git/mote/mote_app/lib/screens/reg_profile_screen/widgets/photo_upload_sheet.dart", "Dart", 0, 0, 136, 0, 0, 0, 0, 0, 0, 7, 143
"/Users/macbook/git/mote/mote_app/lib/screens/reg_profile_screen/widgets/reg_profile_header.dart", "Dart", 0, 0, 28, 0, 0, 0, 0, 0, 0, 3, 31
"/Users/macbook/git/mote/mote_app/lib/screens/reg_profile_screen/widgets/save_profile_button.dart", "Dart", 0, 0, 15, 0, 0, 0, 0, 0, 0, 3, 18
"/Users/macbook/git/mote/mote_app/lib/screens/reg_profile_screen/widgets/sign_bloc.dart", "Dart", 0, 0, 35, 0, 0, 0, 0, 0, 0, 3, 38
"/Users/macbook/git/mote/mote_app/lib/screens/reg_profile_screen/widgets/upload_image_button.dart", "Dart", 0, 0, 30, 0, 0, 0, 0, 0, 0, 3, 33
"/Users/macbook/git/mote/mote_app/lib/screens/reg_profile_screen/widgets/user_photo_slider.dart", "Dart", 0, 0, 49, 0, 0, 0, 0, 0, 0, 6, 55
"/Users/macbook/git/mote/mote_app/lib/screens/reg_profile_screen/widgets/user_tip.dart", "Dart", 0, 0, 48, 0, 0, 0, 0, 0, 0, 3, 51
"/Users/macbook/git/mote/mote_app/lib/screens/reg_profile_screen/widgets/user_tip_sliver.dart", "Dart", 0, 0, 57, 0, 0, 0, 0, 0, 0, 3, 60
"/Users/macbook/git/mote/mote_app/lib/screens/register_screen/bloc/register_bloc.dart", "Dart", 0, 0, 54, 0, 0, 0, 0, 0, 5, 3, 62
"/Users/macbook/git/mote/mote_app/lib/screens/register_screen/bloc/register_event.dart", "Dart", 0, 0, 33, 0, 0, 0, 0, 0, 1, 5, 39
"/Users/macbook/git/mote/mote_app/lib/screens/register_screen/bloc/register_state.dart", "Dart", 0, 0, 18, 0, 0, 0, 0, 0, 0, 6, 24
"/Users/macbook/git/mote/mote_app/lib/screens/register_screen/view/register_screen.dart", "Dart", 0, 0, 269, 0, 0, 0, 0, 0, 0, 13, 282
"/Users/macbook/git/mote/mote_app/lib/screens/settings_details/view/settings_details_screen.dart", "Dart", 0, 0, 23, 0, 0, 0, 0, 0, 0, 4, 27
"/Users/macbook/git/mote/mote_app/lib/screens/settings_details/widgets/account_save_button.dart", "Dart", 0, 0, 30, 0, 0, 0, 0, 0, 0, 3, 33
"/Users/macbook/git/mote/mote_app/lib/screens/settings_details/widgets/change_account.dart", "Dart", 0, 0, 84, 0, 0, 0, 0, 0, 0, 3, 87
"/Users/macbook/git/mote/mote_app/lib/screens/settings_details/widgets/change_account_tile.dart", "Dart", 0, 0, 52, 0, 0, 0, 0, 0, 0, 3, 55
"/Users/macbook/git/mote/mote_app/lib/screens/settings_details/widgets/change_password.dart", "Dart", 0, 0, 128, 0, 0, 0, 0, 0, 0, 3, 131
"/Users/macbook/git/mote/mote_app/lib/screens/settings_details/widgets/change_pavicy.dart", "Dart", 0, 0, 112, 0, 0, 0, 0, 0, 0, 4, 116
"/Users/macbook/git/mote/mote_app/lib/screens/settings_details/widgets/selected_button.dart", "Dart", 0, 0, 47, 0, 0, 0, 0, 0, 0, 3, 50
"/Users/macbook/git/mote/mote_app/lib/screens/settings_screen/view/settings_screen.dart", "Dart", 0, 0, 203, 0, 0, 0, 0, 0, 0, 5, 208
"/Users/macbook/git/mote/mote_app/lib/screens/settings_screen/widgets/settings_container.dart", "Dart", 0, 0, 36, 0, 0, 0, 0, 0, 0, 3, 39
"/Users/macbook/git/mote/mote_app/lib/screens/settings_screen/widgets/settings_tile.dart", "Dart", 0, 0, 37, 0, 0, 0, 0, 0, 0, 4, 41
"/Users/macbook/git/mote/mote_app/lib/screens/settings_screen/widgets/settings_tile_switch.dart", "Dart", 0, 0, 28, 0, 0, 0, 0, 0, 0, 3, 31
"/Users/macbook/git/mote/mote_app/lib/services/account_services/account_services.dart", "Dart", 0, 0, 145, 0, 0, 0, 0, 0, 16, 15, 176
"/Users/macbook/git/mote/mote_app/lib/services/auth.dart", "Dart", 0, 0, 21, 0, 0, 0, 0, 0, 3, 5, 29
"/Users/macbook/git/mote/mote_app/lib/services/chat/chat.dart", "Dart", 0, 0, 138, 0, 0, 0, 0, 0, 4, 20, 162
"/Users/macbook/git/mote/mote_app/lib/services/date_services/date_services.dart", "Dart", 0, 0, 13, 0, 0, 0, 0, 0, 0, 2, 15
"/Users/macbook/git/mote/mote_app/lib/services/email_verify/email_verify.dart", "Dart", 0, 0, 38, 0, 0, 0, 0, 0, 1, 10, 49
"/Users/macbook/git/mote/mote_app/lib/services/meet_services/meet_service.dart", "Dart", 0, 0, 15, 0, 0, 0, 0, 0, 0, 2, 17
"/Users/macbook/git/mote/mote_app/lib/services/mote_api.dart", "Dart", 0, 0, 43, 0, 0, 0, 0, 0, 0, 7, 50
"/Users/macbook/git/mote/mote_app/lib/services/percent_counter/profile_percent_counter.dart", "Dart", 0, 0, 34, 0, 0, 0, 0, 0, 0, 2, 36
"/Users/macbook/git/mote/mote_app/lib/services/registration/registation.dart", "Dart", 0, 0, 178, 0, 0, 0, 0, 0, 2, 16, 196
"/Users/macbook/git/mote/mote_app/lib/services/registretion.dart", "Dart", 0, 0, 0, 0, 0, 0, 0, 0, 0, 2, 2
"/Users/macbook/git/mote/mote_app/lib/utils/constants/color_pallete.dart", "Dart", 0, 0, 24, 0, 0, 0, 0, 0, 0, 9, 33
"/Users/macbook/git/mote/mote_app/lib/utils/feedback/feedback.dart", "Dart", 0, 0, 16, 0, 0, 0, 0, 0, 0, 2, 18
"/Users/macbook/git/mote/mote_app/lib/utils/quickalert/quickalert.dart", "Dart", 0, 0, 34, 0, 0, 0, 0, 0, 0, 2, 36
"/Users/macbook/git/mote/mote_app/lib/utils/setColors/setcolors.dart", "Dart", 0, 0, 27, 0, 0, 0, 0, 0, 0, 8, 35
"/Users/macbook/git/mote/mote_app/lib/utils/theme/custom_theme/appbar_theme.dart", "Dart", 0, 0, 33, 0, 0, 0, 0, 0, 0, 4, 37
"/Users/macbook/git/mote/mote_app/lib/utils/theme/custom_theme/bottomsheet_theme.dart", "Dart", 0, 0, 23, 0, 0, 0, 0, 0, 0, 4, 27
"/Users/macbook/git/mote/mote_app/lib/utils/theme/custom_theme/checkbox_theme.dart", "Dart", 0, 0, 47, 0, 0, 0, 0, 0, 0, 4, 51
"/Users/macbook/git/mote/mote_app/lib/utils/theme/custom_theme/elevated_button.dart", "Dart", 0, 0, 43, 0, 0, 0, 0, 0, 0, 4, 47
"/Users/macbook/git/mote/mote_app/lib/utils/theme/custom_theme/outlinebutton_theme.dart", "Dart", 0, 0, 37, 0, 0, 0, 0, 0, 0, 4, 41
"/Users/macbook/git/mote/mote_app/lib/utils/theme/custom_theme/text_theme.dart", "Dart", 0, 0, 119, 0, 0, 0, 0, 0, 19, 4, 142
"/Users/macbook/git/mote/mote_app/lib/utils/theme/custom_theme/textformfield_theme.dart", "Dart", 0, 0, 93, 0, 0, 0, 0, 0, 0, 4, 97
"/Users/macbook/git/mote/mote_app/lib/utils/theme/theme.dart", "Dart", 0, 0, 42, 0, 0, 0, 0, 0, 0, 4, 46
"/Users/macbook/git/mote/mote_app/lib/utils/validators/age_validator.dart", "Dart", 0, 0, 21, 0, 0, 0, 0, 0, 6, 5, 32
"/Users/macbook/git/mote/mote_app/lib/utils/validators/confrim_password.dart", "Dart", 0, 0, 11, 0, 0, 0, 0, 0, 3, 3, 17
"/Users/macbook/git/mote/mote_app/lib/utils/validators/email_validate.dart", "Dart", 0, 0, 16, 0, 0, 0, 0, 0, 4, 4, 24
"/Users/macbook/git/mote/mote_app/lib/utils/validators/meet_date_validator.dart", "Dart", 0, 0, 22, 0, 0, 0, 0, 0, 3, 6, 31
"/Users/macbook/git/mote/mote_app/lib/utils/validators/meet_desc_validator.dart", "Dart", 0, 0, 12, 0, 0, 0, 0, 0, 3, 3, 18
"/Users/macbook/git/mote/mote_app/lib/utils/validators/meet_title_validator.dart", "Dart", 0, 0, 13, 0, 0, 0, 0, 0, 6, 4, 23
"/Users/macbook/git/mote/mote_app/lib/utils/validators/meeting_time_validator.dart", "Dart", 0, 0, 16, 0, 0, 0, 0, 0, 1, 4, 21
"/Users/macbook/git/mote/mote_app/lib/utils/validators/meets_part_validator.dart", "Dart", 0, 0, 17, 0, 0, 0, 0, 0, 5, 4, 26
"/Users/macbook/git/mote/mote_app/lib/utils/validators/name_validator.dart", "Dart", 0, 0, 15, 0, 0, 0, 0, 0, 4, 4, 23
"/Users/macbook/git/mote/mote_app/lib/utils/validators/password_validator.dart", "Dart", 0, 0, 50, 0, 0, 0, 0, 0, 9, 14, 73
"/Users/macbook/git/mote/mote_app/lib/utils/validators/phone_validator.dart", "Dart", 0, 0, 19, 0, 0, 0, 0, 0, 5, 5, 29
"/Users/macbook/git/mote/mote_app/lib/utils/validators/username_validator.dart", "Dart", 0, 0, 13, 0, 0, 0, 0, 0, 5, 4, 22
"/Users/macbook/git/mote/mote_app/lib/widgets/custom_elevated_buttom.dart", "Dart", 0, 0, 43, 0, 0, 0, 0, 0, 0, 3, 46
"/Users/macbook/git/mote/mote_app/mote_app.iml", "XML", 0, 0, 0, 0, 0, 0, 282, 0, 0, 0, 282
"/Users/macbook/git/mote/mote_app/pubspec.yaml", "YAML", 0, 123, 0, 0, 0, 0, 0, 0, 46, 18, 187
"/Users/macbook/git/mote/mote_web/README.md", "Markdown", 10, 0, 0, 0, 0, 0, 0, 0, 0, 7, 17
"/Users/macbook/git/mote/mote_web/analysis_options.yaml", "YAML", 0, 3, 0, 0, 0, 0, 0, 0, 22, 4, 29
"/Users/macbook/git/mote/mote_web/lib/HomeScreen/view/home_screen.dart", "Dart", 0, 0, 125, 0, 0, 0, 0, 0, 0, 8, 133
"/Users/macbook/git/mote/mote_web/lib/HomeScreen/widgets/about_us.dart", "Dart", 0, 0, 257, 0, 0, 0, 0, 0, 0, 9, 266
"/Users/macbook/git/mote/mote_web/lib/HomeScreen/widgets/custom_text_button.dart", "Dart", 0, 0, 20, 0, 0, 0, 0, 0, 0, 3, 23
"/Users/macbook/git/mote/mote_web/lib/HomeScreen/widgets/join.dart", "Dart", 0, 0, 411, 0, 0, 0, 0, 0, 0, 13, 424
"/Users/macbook/git/mote/mote_web/lib/HomeScreen/widgets/main_header.dart", "Dart", 0, 0, 62, 0, 0, 0, 0, 0, 0, 3, 65
"/Users/macbook/git/mote/mote_web/lib/HomeScreen/widgets/responsive.dart", "Dart", 0, 0, 33, 0, 0, 0, 0, 0, 0, 6, 39
"/Users/macbook/git/mote/mote_web/lib/HomeScreen/widgets/search_process.dart", "Dart", 0, 0, 339, 0, 0, 0, 0, 0, 0, 13, 352
"/Users/macbook/git/mote/mote_web/lib/HomeScreen/widgets/services.dart", "Dart", 0, 0, 325, 0, 0, 0, 0, 0, 0, 13, 338
"/Users/macbook/git/mote/mote_web/lib/HomeScreen/widgets/social_media.dart", "Dart", 0, 0, 91, 0, 0, 0, 0, 0, 0, 9, 100
"/Users/macbook/git/mote/mote_web/lib/HomeScreen/widgets/statistics.dart", "Dart", 0, 0, 280, 0, 0, 0, 0, 0, 0, 16, 296
"/Users/macbook/git/mote/mote_web/lib/HomeScreen/widgets/text_bloc.dart", "Dart", 0, 0, 270, 0, 0, 0, 0, 0, 0, 7, 277
"/Users/macbook/git/mote/mote_web/lib/HomeScreen/widgets/widgets.dart", "Dart", 0, 0, 9, 0, 0, 0, 0, 0, 0, 1, 10
"/Users/macbook/git/mote/mote_web/lib/constants.dart", "Dart", 0, 0, 19, 0, 0, 0, 0, 0, 0, 2, 21
"/Users/macbook/git/mote/mote_web/lib/main.dart", "Dart", 0, 0, 15, 0, 0, 0, 0, 0, 0, 4, 19
"/Users/macbook/git/mote/mote_web/lib/models/AppStat.dart", "Dart", 0, 0, 7, 0, 0, 0, 0, 0, 0, 1, 8
"/Users/macbook/git/mote/mote_web/linux/flutter/generated_plugin_registrant.cc", "C++", 0, 0, 0, 3, 0, 0, 0, 0, 4, 5, 12
"/Users/macbook/git/mote/mote_web/linux/flutter/generated_plugin_registrant.h", "C++", 0, 0, 0, 5, 0, 0, 0, 0, 5, 6, 16
"/Users/macbook/git/mote/mote_web/linux/main.cc", "C++", 0, 0, 0, 5, 0, 0, 0, 0, 0, 2, 7
"/Users/macbook/git/mote/mote_web/linux/my_application.cc", "C++", 0, 0, 0, 74, 0, 0, 0, 0, 11, 20, 105
"/Users/macbook/git/mote/mote_web/linux/my_application.h", "C++", 0, 0, 0, 7, 0, 0, 0, 0, 7, 5, 19
"/Users/macbook/git/mote/mote_web/pubspec.yaml", "YAML", 0, 18, 0, 0, 0, 0, 0, 0, 57, 15, 90
"/Users/macbook/git/mote/mote_web/web/index.html", "HTML", 0, 0, 0, 0, 0, 38, 0, 0, 16, 6, 60
"/Users/macbook/git/mote/mote_web/web/manifest.json", "JSON", 0, 0, 0, 0, 35, 0, 0, 0, 0, 1, 36
"/Users/macbook/git/mote/mote_web/windows/flutter/generated_plugin_registrant.cc", "C++", 0, 0, 0, 3, 0, 0, 0, 0, 4, 5, 12
"/Users/macbook/git/mote/mote_web/windows/flutter/generated_plugin_registrant.h", "C++", 0, 0, 0, 5, 0, 0, 0, 0, 5, 6, 16
"/Users/macbook/git/mote/mote_web/windows/runner/flutter_window.cpp", "C++", 0, 0, 0, 49, 0, 0, 0, 0, 7, 16, 72
"/Users/macbook/git/mote/mote_web/windows/runner/flutter_window.h", "C++", 0, 0, 0, 20, 0, 0, 0, 0, 5, 9, 34
"/Users/macbook/git/mote/mote_web/windows/runner/main.cpp", "C++", 0, 0, 0, 30, 0, 0, 0, 0, 4, 10, 44
"/Users/macbook/git/mote/mote_web/windows/runner/resource.h", "C++", 0, 0, 0, 9, 0, 0, 0, 0, 6, 2, 17
"/Users/macbook/git/mote/mote_web/windows/runner/utils.cpp", "C++", 0, 0, 0, 54, 0, 0, 0, 0, 2, 10, 66
"/Users/macbook/git/mote/mote_web/windows/runner/utils.h", "C++", 0, 0, 0, 8, 0, 0, 0, 0, 6, 6, 20
"/Users/macbook/git/mote/mote_web/windows/runner/win32_window.cpp", "C++", 0, 0, 0, 210, 0, 0, 0, 0, 24, 55, 289
"/Users/macbook/git/mote/mote_web/windows/runner/win32_window.h", "C++", 0, 0, 0, 48, 0, 0, 0, 0, 31, 24, 103
"Total", "-", 20, 200, 27528, 530, 35, 38, 282, 51, 687, 2365, 31736